{
  "name": "Dimensity8300",
  "author": "Suni-Tritium",
  "configVersion": 11,
  "CpuGovernor": {
    "enable": true,
    "params": {
      "maxRateHz": 200,
      "minRateHz": 20,
      "activeDelay": 2000,
      "freqStep": 200
    },
    "policies": [
      {
        "coreNum": 4,
        "perfRatio": 120,
        "lowPowerFreq": 500,
        "optimalFreq": 1400,
        "modelType": "little-core",
        "modelFreq": 2200,
        "modelPower": 600
      },
      {
        "coreNum": 3,
        "perfRatio": 340,
        "lowPowerFreq": 600,
        "optimalFreq": 1800,
        "modelType": "medium-core",
        "modelFreq": 3200,
        "modelPower": 2090
      },
      {
        "coreNum": 1,
        "perfRatio": 340,
        "lowPowerFreq": 700,
        "optimalFreq": 1800,
        "modelType": "medium-core",
        "modelFreq": 3200,
        "modelPower": 2090
      }
    ],
    "modes": {
      "powersave": {
        "powerLimit": 2000,
        "multiLoadLimit": true,
        "multiLoadThres": [40, 40, 40],
        "maxMargin": [10, 10, 10],
        "maxLatency": [70, 60, 70]
      },
      "balance": {
        "powerLimit": 3000,
        "multiLoadLimit": true,
        "multiLoadThres": [40, 40, 40],
        "maxMargin": [10, 15, 25],
        "maxLatency": [45, 46, 50]
      },
      "performance": {
        "powerLimit": 4500,
        "multiLoadLimit": true,
        "multiLoadThres": [30, 35, 40],
        "maxMargin": [30, 25, 30],
        "maxLatency": [35, 30, 25]
      },
      "fast": {
        "powerLimit": 10000,
        "multiLoadLimit": false,
        "multiLoadThres": [50, 50, 50],
        "maxMargin": [30, 30, 30],
        "maxLatency": [10, 10, 10]
      }
    }
  },
  "ThreadSchedOpt": {
    "enable": true,
    "defaultCpus": [0, 1, 2, 3, 4, 5, 6, 7],
    "defaultPriority": 0,
    "appTypes": {
      "surfaceflinger": {
        "pkgName": "*[Ss]urface[Ff]linger*",
        "symbol": null
      },
      "system_server": {
        "pkgName": "system_server",
        "symbol": null
      },
      "unity_genshin": {
        "pkgName": "*(.Yuanshen|.GenshinImpact)|*.ys.*",
        "symbol": null
      },
      "unity_common": {
        "pkgName": null,
        "symbol": "Unity*"
      },
      "unreal_engine": {
        "pkgName": null,
        "symbol": "(TaskGraph|RHIThread)*"
      },
      "minecraft": {
        "pkgName": null,
        "symbol": "MINECRAFT*"
      },
      "neox_engine": {
        "pkgName": "*(.mrzh|.qrzd|.jddsaef|.lglr|.zmq|.ldxy|.s4na|.g93na|.g78na|.onmyoji|.harrypotter|.moba|.party)*",
        "symbol": null
      },
      "sky_game": {
        "pkgName": "(com.netease.sky|com.tgc.sky)*",
        "symbol": null
      },
      "native_game": {
        "pkgName": "*(ea.game.|gameloft.|kiloo.|sybogames.|yodo1.|rockstargames.|corrodinggames.)*",
        "symbol": null
      },
      "benchmark": {
        "pkgName": "*[Bb]ench*|com.futuremark.*|*ioncannon.*|*.probe|*.devcheck",
        "symbol": null
      }
    },
    "schedRules": {
      "DEFAULT_RULE": [
        {
          "threadName": "MAIN_THREAD",
          "heavyCpus": [7],
          "commonCpus": [4, 5, 6],
          "priority": -20
        },
        {
          "threadName": "*[Rr]ender*",
          "heavyCpus": null,
          "commonCpus": [4, 5, 6],
          "priority": -20
        },
        {
          "threadName": "(GLThread|[Vv]sync|JNISurface|hwui|UiThread|ged-|mali-)*|*(.raster|.ui|.anim|.display)*",
          "heavyCpus": null,
          "commonCpus": [4, 5, 6],
          "priority": -12
        },
        {
          "threadName": "(glide-|Fresco|[Ii]mage|[Ll]auncher)*|*([Bb]lur|[Aa]nim|[Oo]verlay|[Cc]horeographer)*",
          "heavyCpus": null,
          "commonCpus": [4, 5, 6],
          "priority": -12
        },
        {
          "threadName": "(HWC release|GPU completion|FrameThread|FramePolicy|ScrollPolicy)*",
          "heavyCpus": null,
          "commonCpus": [0, 1, 2, 3],
          "priority": -20
        },
        {
          "threadName": "(Vlc|[Ii][Jj][Kk])*|*([Aa]udio|[Mm]ixer|[Vv]ideo|[Pp]layer|[Mm]edia|[Cc]odec|[Dd]ecode)*",
          "heavyCpus": null,
          "commonCpus": [0, 1, 2, 3, 4, 5, 6],
          "priority": -16
        },
        {
          "threadName": "(Chrome_|Compositor|CrGpuMain|CrRenderer|Viz|Gecko)*|*[Ww]eb[Vv]iew*",
          "heavyCpus": null,
          "commonCpus": [4, 5, 6],
          "priority": -12
        },
        {
          "threadName": "(WeexJsBridge|libweexjsb|V8 DefaultWork|hippy.js|mqt_)*|*[Jj]ava[Ss]cript*",
          "heavyCpus": null,
          "commonCpus": [4, 5, 6],
          "priority": -8
        },
        {
          "threadName": "*([Ww]ork|[Hh]andle|[Pp]ool|[Mm]essage|[Dd]ispatch|[Ee]xecutor|[Bb]ridge|[Cc]amera)*",
          "heavyCpus": null,
          "commonCpus": [0, 1, 2, 3, 4, 5, 6],
          "priority": -8
        },
        {
          "threadName": "(Chronos.|CRON.|AsyncTask|Thread-|Timer-)*",
          "heavyCpus": null,
          "commonCpus": [0, 1, 2, 3, 4, 5, 6],
          "priority": -8
        },
        {
          "threadName": "(HeapTask|HeapTrimmer|Finalizer|CleanupReferenc|GC)*",
          "heavyCpus": null,
          "commonCpus": [0, 1, 2, 3],
          "priority": -8
        },
        {
          "threadName": "(queued-work-|Jit thread pool|Signal Catcher|Profile Saver|ReferenceQueue)*",
          "heavyCpus": null,
          "commonCpus": [0, 1, 2, 3],
          "priority": -8
        },
        {
          "threadName": "(Moss|OkHttp|Okio|Rx|rx-)*|*([Nn]etwork|[Cc]ookie|[Ss]cheduler|[Cc]apture)*",
          "heavyCpus": null,
          "commonCpus": [0, 1, 2, 3],
          "priority": -8
        },
        {
          "threadName": "(BLog|xlog|[Bb]ugly|BUGLY|LogThread)*|*([Cc]rash|[Ll]ogger|[Rr]eport)*",
          "heavyCpus": null,
          "commonCpus": [0, 1, 2, 3],
          "priority": 0
        },
        {
          "threadName": "(APM-|TVKDL-|Firebase|koom|ADB-JDWP|MemoryInfra)*|*([Ww]atch[Dd]og|[Tt]racker|[Mm]onitor)*",
          "heavyCpus": null,
          "commonCpus": [0, 1, 2, 3],
          "priority": 0
        }
      ],
      "surfaceflinger": [
        {
          "threadName": "MAIN_THREAD",
          "heavyCpus": null,
          "commonCpus": [4, 5, 6],
          "priority": -20
        },
        {
          "threadName": "(RenderEngine|OverlayEngine|app)*",
          "heavyCpus": null,
          "commonCpus": [4, 5, 6],
          "priority": -20
        }
      ],
      "system_server": [
        {
          "threadName": "MAIN_THREAD",
          "heavyCpus": null,
          "commonCpus": [4, 5, 6],
          "priority": -20
        },
        {
          "threadName": "android.*",
          "heavyCpus": null,
          "commonCpus": [4, 5, 6],
          "priority": -20
        }
      ],
      "unity_genshin": [
        {
          "threadName": "MAIN_THREAD",
          "heavyCpus": null,
          "commonCpus": [0, 1, 2, 3],
          "priority": -12
        },
        {
          "threadName": "UnityGfx*",
          "heavyCpus": [7],
          "commonCpus": [4, 5, 6],
          "priority": -20
        },
        {
          "threadName": "(UnityMain|UnityMulti|UnityPreload|UnityChoreograp|UnityCCeograp)*",
          "heavyCpus": null,
          "commonCpus": [4, 5, 6],
          "priority": -12
        },
        {
          "threadName": "FMOD*|*(Audio|Media)*",
          "heavyCpus": null,
          "commonCpus": [0, 1, 2, 3, 4, 5, 6],
          "priority": -16
        },
        {
          "threadName": "(Worker Thread|Job.Worker|NativeThread|IL2CPP|CoreThread|Thread-)*",
          "heavyCpus": null,
          "commonCpus": [4, 5, 6],
          "priority": -12
        }
      ],
      "unity_common": [
        {
          "threadName": "MAIN_THREAD",
          "heavyCpus": null,
          "commonCpus": [0, 1, 2, 3],
          "priority": -12
        },
        {
          "threadName": "UnityMain*",
          "heavyCpus": [7],
          "commonCpus": [4, 5, 6],
          "priority": -20
        },
        {
          "threadName": "(UnityGfx|UnityMulti|UnityPreload|UnityChoreograp|UnityCCeograp)*",
          "heavyCpus": null,
          "commonCpus": [4, 5, 6],
          "priority": -20
        },
        {
          "threadName": "FMOD*|*(Audio|Media)*",
          "heavyCpus": null,
          "commonCpus": [0, 1, 2, 3, 4, 5, 6],
          "priority": -16
        },
        {
          "threadName": "(Worker Thread|Job.Worker|NativeThread|IL2CPP|ace_worker|Apollo-|CoreThread|Thread-)*",
          "heavyCpus": null,
          "commonCpus": [4, 5, 6],
          "priority": -12
        }
      ],
      "unreal_engine": [
        {
          "threadName": "MAIN_THREAD",
          "heavyCpus": null,
          "commonCpus": [4, 5, 6],
          "priority": -12
        },
        {
          "threadName": "(RenderThread|GameThread|RHIThread)*",
          "heavyCpus": [7],
          "commonCpus": [4, 5, 6],
          "priority": -20
        },
        {
          "threadName": "(TaskGraph|CmpJob|Apollo-|glp|glt|NativeThread|SDLThread|Thread-)*",
          "heavyCpus": null,
          "commonCpus": [4, 5, 6],
          "priority": -12
        },
        {
          "threadName": "FMOD*|*(Audio|Media)*",
          "heavyCpus": null,
          "commonCpus": [0, 1, 2, 3, 4, 5, 6],
          "priority": -16
        }
      ],
      "minecraft": [
        {
          "threadName": "MAIN_THREAD",
          "heavyCpus": null,
          "commonCpus": [0, 1, 2, 3, 4, 5, 6],
          "priority": -12
        },
        {
          "threadName": "(Rendering Pool|MINECRAFT)*",
          "heavyCpus": [7],
          "commonCpus": [4, 5, 6],
          "priority": -20
        },
        {
          "threadName": "Thread-*",
          "heavyCpus": null,
          "commonCpus": [0, 1, 2, 3, 4, 5, 6],
          "priority": -8
        },
        {
          "threadName": "FMOD*|*(Audio|Media)*",
          "heavyCpus": null,
          "commonCpus": [0, 1, 2, 3, 4, 5, 6],
          "priority": -16
        }
      ],
      "neox_engine": [
        {
          "threadName": "MAIN_THREAD",
          "heavyCpus": null,
          "commonCpus": [0, 1, 2, 3, 4, 5, 6],
          "priority": -12
        },
        {
          "threadName": "(MainThread|Thread-)*",
          "heavyCpus": [7],
          "commonCpus": [4, 5, 6],
          "priority": -20
        },
        {
          "threadName": "(IO|Compute|Resource|NativeThread)*",
          "heavyCpus": null,
          "commonCpus": [4, 5, 6],
          "priority": -12
        }
      ],
      "sky_game": [
        {
          "threadName": "MAIN_THREAD",
          "heavyCpus": null,
          "commonCpus": [0, 1, 2, 3, 4, 5, 6],
          "priority": -12
        },
        {
          "threadName": "(MainThread|Program Thread)*",
          "heavyCpus": [7],
          "commonCpus": [4, 5, 6],
          "priority": -20
        },
        {
          "threadName": "(JobThread|Thread-)*",
          "heavyCpus": null,
          "commonCpus": [4, 5, 6],
          "priority": -12
        }
      ],
      "native_game": [
        {
          "threadName": "MAIN_THREAD",
          "heavyCpus": null,
          "commonCpus": [4, 5, 6],
          "priority": -12
        },
        {
          "threadName": "(Thread-|GameThread|NativeThread|MainThread|RenderThread)*",
          "heavyCpus": [7],
          "commonCpus": [4, 5, 6],
          "priority": -20
        },
        {
          "threadName": "(GLThread|FMOD)*|*(Audio|Media)*",
          "heavyCpus": null,
          "commonCpus": [4, 5, 6],
          "priority": -16
        }
      ],
      "benchmark": []
    }
  },
  "MtkGpuGovernor": {
    "enable": true,
    "params": {
      "baseRateHz": 20,
      "burstRateHz": 40
    },
    "voltAdjust": {
      "minVolt": 50000,
      "maxVolt": 100000,
      "voltOffset": 0
    },
    "modes": {
      "powersave": {
        "margin": 10,
        "upRateDelay": 50,
        "downRateDelay": 50
      },
      "balance": {
        "margin": 20,
        "upRateDelay": 50,
        "downRateDelay": 50
      },
      "performance": {
        "margin": 30,
        "upRateDelay": 0,
        "downRateDelay": 50
      },
      "fast": {
        "margin": 30,
        "upRateDelay": 0,
        "downRateDelay": 50
      }
    }
  },
  "DevfreqTuner": {
    "enable": true
  },
  "Trigger": {
    "enable": true,
    "scenes": {
      "init": {
        "setProperty": [],
        "writeFile": [
          {"path": "/dev/cpuset/restricted/cpus", "text": "0-3"},
          {"path": "/dev/cpuset/system-background/cpus", "text": "0-3"},
          {"path": "/dev/cpuset/background/cpus", "text": "0-3"},
          {"path": "/dev/cpuset/foreground/cpus", "text": "0-7"},
          {"path": "/dev/cpuset/top-app/cpus", "text": "0-7"}
        ]
      },
      "screenOn": {
        "setProperty": [],
        "writeFile": []
      },
      "screenOff": {
        "setProperty": [],
        "writeFile": []
      },
      "powersaveMode": {
        "setProperty": [],
        "writeFile": []
      },
      "balanceMode": {
        "setProperty": [],
        "writeFile": []
      },
      "performanceMode": {
        "setProperty": [],
        "writeFile": []
      },
      "fastMode": {
        "setProperty": [],
        "writeFile": []
      }
    },
    "hints": {
      "none": {
        "durationTime": 0,
        "modes": {
          "powersave": {
            "setProperty": [
              {"name": "cpu.boost", "value": 0},
              {"name": "cpu.extra_margin", "value": 0},
              {"name": "cpu.low_latency", "value": false},
              {"name": "mtk_gpu.min_freq", "value": 0},
              {"name": "mtk_gpu.boost", "value": 0},
              {"name": "mtk_gpu.extra_margin", "value": 0},
              {"name": "mtk_gpu.low_latency", "value": false},
              {"name": "devfreq.ddr.min_freq", "value": 0},
              {"name": "devfreq.gpu.min_freq", "value": 0}
            ],
            "writeFile": []
          },
          "balance": {
            "setProperty": [
              {"name": "cpu.boost", "value": 0},
              {"name": "cpu.extra_margin", "value": 0},
              {"name": "cpu.low_latency", "value": false},
              {"name": "mtk_gpu.min_freq", "value": 0},
              {"name": "mtk_gpu.boost", "value": 0},
              {"name": "mtk_gpu.extra_margin", "value": 0},
              {"name": "mtk_gpu.low_latency", "value": false},
              {"name": "devfreq.ddr.min_freq", "value": 0},
              {"name": "devfreq.gpu.min_freq", "value": 0}
            ],
            "writeFile": []
          },
          "performance": {
            "setProperty": [
              {"name": "cpu.boost", "value": 0},
              {"name": "cpu.extra_margin", "value": 0},
              {"name": "cpu.low_latency", "value": false},
              {"name": "mtk_gpu.min_freq", "value": 0},
              {"name": "mtk_gpu.boost", "value": 0},
              {"name": "mtk_gpu.extra_margin", "value": 0},
              {"name": "mtk_gpu.low_latency", "value": false},
              {"name": "devfreq.ddr.min_freq", "value": 0},
              {"name": "devfreq.gpu.min_freq", "value": 0}
            ],
            "writeFile": []
          },
          "fast": {
            "setProperty": [
              {"name": "cpu.boost", "value": 0},
              {"name": "cpu.extra_margin", "value": 0},
              {"name": "cpu.low_latency", "value": false},
              {"name": "mtk_gpu.min_freq", "value": 0},
              {"name": "mtk_gpu.boost", "value": 0},
              {"name": "mtk_gpu.extra_margin", "value": 0},
              {"name": "mtk_gpu.low_latency", "value": false},
              {"name": "devfreq.ddr.min_freq", "value": 0},
              {"name": "devfreq.gpu.min_freq", "value": 0}
            ],
            "writeFile": []
          }
        }
      },
      "tap": {
        "durationTime": 210,
        "modes": {
          "powersave": {
            "setProperty": [
              {"name": "cpu.boost", "value": 10},
              {"name": "cpu.extra_margin", "value": 0},
              {"name": "cpu.low_latency", "value": true},
              {"name": "mtk_gpu.min_freq", "value": 0},
              {"name": "mtk_gpu.boost", "value": 0},
              {"name": "mtk_gpu.extra_margin", "value": 0},
              {"name": "mtk_gpu.low_latency", "value": false},
              {"name": "devfreq.ddr.min_freq", "value": 0},
              {"name": "devfreq.gpu.min_freq", "value": 0}
            ],
            "writeFile": []
          },
          "balance": {
            "setProperty": [
              {"name": "cpu.boost", "value": 15},
              {"name": "cpu.extra_margin", "value": 10},
              {"name": "cpu.low_latency", "value": true},
              {"name": "mtk_gpu.min_freq", "value": 0},
              {"name": "mtk_gpu.boost", "value": 0},
              {"name": "mtk_gpu.extra_margin", "value": 0},
              {"name": "mtk_gpu.low_latency", "value": false},
              {"name": "devfreq.ddr.min_freq", "value": 0},
              {"name": "devfreq.gpu.min_freq", "value": 0}
            ],
            "writeFile": []
          },
          "performance": {
            "setProperty": [
              {"name": "cpu.boost", "value": 15},
              {"name": "cpu.extra_margin", "value": 10},
              {"name": "cpu.low_latency", "value": true},
              {"name": "mtk_gpu.min_freq", "value": 0},
              {"name": "mtk_gpu.boost", "value": 0},
              {"name": "mtk_gpu.extra_margin", "value": 0},
              {"name": "mtk_gpu.low_latency", "value": false},
              {"name": "devfreq.ddr.min_freq", "value": 0},
              {"name": "devfreq.gpu.min_freq", "value": 0}
            ],
            "writeFile": []
          },
          "fast": {
            "setProperty": [
              {"name": "cpu.boost", "value": 20},
              {"name": "cpu.extra_margin", "value": 0},
              {"name": "cpu.low_latency", "value": true},
              {"name": "mtk_gpu.min_freq", "value": 0},
              {"name": "mtk_gpu.boost", "value": 0},
              {"name": "mtk_gpu.extra_margin", "value": 0},
              {"name": "mtk_gpu.low_latency", "value": false},
              {"name": "devfreq.ddr.min_freq", "value": 0},
              {"name": "devfreq.gpu.min_freq", "value": 0}
            ],
            "writeFile": []
          }
        }
      },
      "swipe": {
        "durationTime": 440,
        "modes": {
          "powersave": {
            "setProperty": [
              {"name": "cpu.boost", "value": 10},
              {"name": "cpu.extra_margin", "value": 10},
              {"name": "cpu.low_latency", "value": true},
              {"name": "mtk_gpu.min_freq", "value": 0},
              {"name": "mtk_gpu.boost", "value": 0},
              {"name": "mtk_gpu.extra_margin", "value": 0},
              {"name": "mtk_gpu.low_latency", "value": false},
              {"name": "devfreq.ddr.min_freq", "value": 0},
              {"name": "devfreq.gpu.min_freq", "value": 0}
            ],
            "writeFile": []
          },
          "balance": {
            "setProperty": [
              {"name": "cpu.boost", "value": 15},
              {"name": "cpu.extra_margin", "value": 10},
              {"name": "cpu.low_latency", "value": true},
              {"name": "mtk_gpu.min_freq", "value": 0},
              {"name": "mtk_gpu.boost", "value": 0},
              {"name": "mtk_gpu.extra_margin", "value": 0},
              {"name": "mtk_gpu.low_latency", "value": false},
              {"name": "devfreq.ddr.min_freq", "value": 0},
              {"name": "devfreq.gpu.min_freq", "value": 0}
            ],
            "writeFile": []
          },
          "performance": {
            "setProperty": [
              {"name": "cpu.boost", "value": 20},
              {"name": "cpu.extra_margin", "value": 10},
              {"name": "cpu.low_latency", "value": true},
              {"name": "mtk_gpu.min_freq", "value": 0},
              {"name": "mtk_gpu.boost", "value": 0},
              {"name": "mtk_gpu.extra_margin", "value": 0},
              {"name": "mtk_gpu.low_latency", "value": true},
              {"name": "devfreq.ddr.min_freq", "value": 0},
              {"name": "devfreq.gpu.min_freq", "value": 0}
            ],
            "writeFile": []
          },
          "fast": {
            "setProperty": [
              {"name": "cpu.boost", "value": 20},
              {"name": "cpu.extra_margin", "value": 10},
              {"name": "cpu.low_latency", "value": true},
              {"name": "mtk_gpu.min_freq", "value": 0},
              {"name": "mtk_gpu.boost", "value": 0},
              {"name": "mtk_gpu.extra_margin", "value": 0},
              {"name": "mtk_gpu.low_latency", "value": true},
              {"name": "devfreq.ddr.min_freq", "value": 0},
              {"name": "devfreq.gpu.min_freq", "value": 0}
            ],
            "writeFile": []
          }
        }
      },
      "gesture": {
        "durationTime": 490,
        "modes": {
          "powersave": {
            "setProperty": [
              {"name": "cpu.boost", "value": 10},
              {"name": "cpu.extra_margin", "value": 10},
              {"name": "cpu.low_latency", "value": true},
              {"name": "mtk_gpu.min_freq", "value": 0},
              {"name": "mtk_gpu.boost", "value": 0},
              {"name": "mtk_gpu.extra_margin", "value": 10},
              {"name": "mtk_gpu.low_latency", "value": false},
              {"name": "devfreq.ddr.min_freq", "value": 3200},
              {"name": "devfreq.gpu.min_freq", "value": 0}
            ],
            "writeFile": []
          },
          "balance": {
            "setProperty": [
              {"name": "cpu.boost", "value": 20},
              {"name": "cpu.extra_margin", "value": 20},
              {"name": "cpu.low_latency", "value": true},
              {"name": "mtk_gpu.min_freq", "value": 0},
              {"name": "mtk_gpu.boost", "value": 0},
              {"name": "mtk_gpu.extra_margin", "value": 0},
              {"name": "mtk_gpu.low_latency", "value": false},
              {"name": "devfreq.ddr.min_freq", "value": 3200},
              {"name": "devfreq.gpu.min_freq", "value": 0}
            ],
            "writeFile": []
          },
          "performance": {
            "setProperty": [
              {"name": "cpu.boost", "value": 10},
              {"name": "cpu.extra_margin", "value": 10},
              {"name": "cpu.low_latency", "value": false},
              {"name": "mtk_gpu.min_freq", "value": 0},
              {"name": "mtk_gpu.boost", "value": 0},
              {"name": "mtk_gpu.extra_margin", "value": 10},
              {"name": "mtk_gpu.low_latency", "value": false},
              {"name": "devfreq.ddr.min_freq", "value": 3200},
              {"name": "devfreq.gpu.min_freq", "value": 0}
            ],
            "writeFile": []
          },
          "fast": {
            "setProperty": [
              {"name": "cpu.boost", "value": 0},
              {"name": "cpu.extra_margin", "value": 10},
              {"name": "cpu.low_latency", "value": false},
              {"name": "mtk_gpu.min_freq", "value": 0},
              {"name": "mtk_gpu.boost", "value": 0},
              {"name": "mtk_gpu.extra_margin", "value": 10},
              {"name": "mtk_gpu.low_latency", "value": false},
              {"name": "devfreq.ddr.min_freq", "value": 3200},
              {"name": "devfreq.gpu.min_freq", "value": 0}
            ],
            "writeFile": []
          }
        }
      },
      "heavyload": {
        "durationTime": 1100,
        "modes": {
          "powersave": {
            "setProperty": [
              {"name": "cpu.boost", "value": 0},
              {"name": "cpu.extra_margin", "value": 20},
              {"name": "cpu.low_latency", "value": false},
              {"name": "mtk_gpu.min_freq", "value": 0},
              {"name": "mtk_gpu.boost", "value": 0},
              {"name": "mtk_gpu.extra_margin", "value": 10},
              {"name": "mtk_gpu.low_latency", "value": false},
              {"name": "devfreq.ddr.min_freq", "value": 3200},
              {"name": "devfreq.gpu.min_freq", "value": 0}
            ],
            "writeFile": []
          },
          "balance": {
            "setProperty": [
              {"name": "cpu.boost", "value": 10},
              {"name": "cpu.extra_margin", "value": 10},
              {"name": "cpu.low_latency", "value": true},
              {"name": "mtk_gpu.min_freq", "value": 0},
              {"name": "mtk_gpu.boost", "value": 0},
              {"name": "mtk_gpu.extra_margin", "value": 10},
              {"name": "mtk_gpu.low_latency", "value": false},
              {"name": "devfreq.ddr.min_freq", "value": 3200},
              {"name": "devfreq.gpu.min_freq", "value": 0}
            ],
            "writeFile": []
          },
          "performance": {
            "setProperty": [
              {"name": "cpu.boost", "value": 20},
              {"name": "cpu.extra_margin", "value": 20},
              {"name": "cpu.low_latency", "value": true},
              {"name": "mtk_gpu.min_freq", "value": 0},
              {"name": "mtk_gpu.boost", "value": 0},
              {"name": "mtk_gpu.extra_margin", "value": 10},
              {"name": "mtk_gpu.low_latency", "value": true},
              {"name": "devfreq.ddr.min_freq", "value": 3200},
              {"name": "devfreq.gpu.min_freq", "value": 0}
            ],
            "writeFile": []
          },
          "fast": {
            "setProperty": [
              {"name": "cpu.boost", "value": 35},
              {"name": "cpu.extra_margin", "value": 20},
              {"name": "cpu.low_latency", "value": true},
              {"name": "mtk_gpu.min_freq", "value": 0},
              {"name": "mtk_gpu.boost", "value": 0},
              {"name": "mtk_gpu.extra_margin", "value": 10},
              {"name": "mtk_gpu.low_latency", "value": false},
              {"name": "devfreq.ddr.min_freq", "value": 3200},
              {"name": "devfreq.gpu.min_freq", "value": 0}
            ],
            "writeFile": []
          }
        }
      },
      "jank": {
        "durationTime": 530,
        "modes": {
          "powersave": {
            "setProperty": [
              {"name": "cpu.boost", "value": 45},
              {"name": "cpu.extra_margin", "value": 10},
              {"name": "cpu.low_latency", "value": true},
              {"name": "mtk_gpu.min_freq", "value": 0},
              {"name": "mtk_gpu.boost", "value": 40},
              {"name": "mtk_gpu.extra_margin", "value": 10},
              {"name": "mtk_gpu.low_latency", "value": true},
              {"name": "devfreq.ddr.min_freq", "value": 6400},
              {"name": "devfreq.gpu.min_freq", "value": 0}
            ],
            "writeFile": []
          },
          "balance": {
            "setProperty": [
              {"name": "cpu.boost", "value": 45},
              {"name": "cpu.extra_margin", "value": 0},
              {"name": "cpu.low_latency", "value": true},
              {"name": "mtk_gpu.min_freq", "value": 0},
              {"name": "mtk_gpu.boost", "value": 40},
              {"name": "mtk_gpu.extra_margin", "value": 10},
              {"name": "mtk_gpu.low_latency", "value": true},
              {"name": "devfreq.ddr.min_freq", "value": 6400},
              {"name": "devfreq.gpu.min_freq", "value": 0}
            ],
            "writeFile": []
          },
          "performance": {
            "setProperty": [
              {"name": "cpu.boost", "value": 45},
              {"name": "cpu.extra_margin", "value": 20},
              {"name": "cpu.low_latency", "value": true},
              {"name": "mtk_gpu.min_freq", "value": 0},
              {"name": "mtk_gpu.boost", "value": 40},
              {"name": "mtk_gpu.extra_margin", "value": 10},
              {"name": "mtk_gpu.low_latency", "value": true},
              {"name": "devfreq.ddr.min_freq", "value": 6400},
              {"name": "devfreq.gpu.min_freq", "value": 0}
            ],
            "writeFile": []
          },
          "fast": {
            "setProperty": [
              {"name": "cpu.boost", "value": 40},
              {"name": "cpu.extra_margin", "value": 0},
              {"name": "cpu.low_latency", "value": true},
              {"name": "mtk_gpu.min_freq", "value": 0},
              {"name": "mtk_gpu.boost", "value": 40},
              {"name": "mtk_gpu.extra_margin", "value": 10},
              {"name": "mtk_gpu.low_latency", "value": true},
              {"name": "devfreq.ddr.min_freq", "value": 6400},
              {"name": "devfreq.gpu.min_freq", "value": 0}
            ],
            "writeFile": []
          }
        }
      },
      "bigJank": {
        "durationTime": 1200,
        "modes": {
          "powersave": {
            "setProperty": [
              {"name": "cpu.boost", "value": 45},
              {"name": "cpu.extra_margin", "value": 20},
              {"name": "cpu.low_latency", "value": true},
              {"name": "mtk_gpu.min_freq", "value": 0},
              {"name": "mtk_gpu.boost", "value": 60},
              {"name": "mtk_gpu.extra_margin", "value": 10},
              {"name": "mtk_gpu.low_latency", "value": true},
              {"name": "devfreq.ddr.min_freq", "value": 6400},
              {"name": "devfreq.gpu.min_freq", "value": 0}
            ],
            "writeFile": []
          },
          "balance": {
            "setProperty": [
              {"name": "cpu.boost", "value": 45},
              {"name": "cpu.extra_margin", "value": 20},
              {"name": "cpu.low_latency", "value": true},
              {"name": "mtk_gpu.min_freq", "value": 0},
              {"name": "mtk_gpu.boost", "value": 60},
              {"name": "mtk_gpu.extra_margin", "value": 10},
              {"name": "mtk_gpu.low_latency", "value": true},
              {"name": "devfreq.ddr.min_freq", "value": 6400},
              {"name": "devfreq.gpu.min_freq", "value": 0}
            ],
            "writeFile": []
          },
          "performance": {
            "setProperty": [
              {"name": "cpu.boost", "value": 55},
              {"name": "cpu.extra_margin", "value": 30},
              {"name": "cpu.low_latency", "value": true},
              {"name": "mtk_gpu.min_freq", "value": 0},
              {"name": "mtk_gpu.boost", "value": 60},
              {"name": "mtk_gpu.extra_margin", "value": 10},
              {"name": "mtk_gpu.low_latency", "value": true},
              {"name": "devfreq.ddr.min_freq", "value": 6400},
              {"name": "devfreq.gpu.min_freq", "value": 0}
            ],
            "writeFile": []
          },
          "fast": {
            "setProperty": [
              {"name": "cpu.boost", "value": 40},
              {"name": "cpu.extra_margin", "value": 20},
              {"name": "cpu.low_latency", "value": true},
              {"name": "mtk_gpu.min_freq", "value": 0},
              {"name": "mtk_gpu.boost", "value": 60},
              {"name": "mtk_gpu.extra_margin", "value": 10},
              {"name": "mtk_gpu.low_latency", "value": true},
              {"name": "devfreq.ddr.min_freq", "value": 6400},
              {"name": "devfreq.gpu.min_freq", "value": 0}
            ],
            "writeFile": []
          }
        }
      }
    }
  },
  "Thermal": {
    "enable": true,
    "params": {
      "interval": 500,
      "actionDelay": 1000,
      "matchRule": "*(soc|cluster|cpu|tsens_tz_sensor)*"
    },
    "modes": {
      "powersave": {
        "actions": [
          {
            "temp": 60, 
            "setProperty": [
              {"name": "cpu.max_power", "value": 2200},
              {"name": "mtk_gpu.max_freq", "value": 600},
              {"name": "devfreq.ddr.max_freq", "value": 10000},
              {"name": "devfreq.gpu.max_freq", "value": 10000}
            ]
          },
          {
            "temp": 65, 
            "setProperty": [
              {"name": "cpu.max_power", "value": 2000},
              {"name": "mtk_gpu.max_freq", "value": 500},
              {"name": "devfreq.ddr.max_freq", "value": 10000},
              {"name": "devfreq.gpu.max_freq", "value": 10000}
            ]
          },
          {
            "temp": 70, 
            "setProperty": [
              {"name": "cpu.max_power", "value": 1800},
              {"name": "mtk_gpu.max_freq", "value": 500},
              {"name": "devfreq.ddr.max_freq", "value": 10000},
              {"name": "devfreq.gpu.max_freq", "value": 10000}
            ]
          }
        ]
      },
      "balance": {
        "actions": [
          {
            "temp": 60, 
            "setProperty": [
              {"name": "cpu.max_power", "value": 3200},
              {"name": "mtk_gpu.max_freq", "value": 700},
              {"name": "devfreq.ddr.max_freq", "value": 10000},
              {"name": "devfreq.gpu.max_freq", "value": 10000}
            ]
          },
          {
            "temp": 65, 
            "setProperty": [
              {"name": "cpu.max_power", "value": 3000},
              {"name": "mtk_gpu.max_freq", "value": 600},
              {"name": "devfreq.ddr.max_freq", "value": 10000},
              {"name": "devfreq.gpu.max_freq", "value": 10000}
            ]
          },
          {
            "temp": 70, 
            "setProperty": [
              {"name": "cpu.max_power", "value": 2800},
              {"name": "mtk_gpu.max_freq", "value": 500},
              {"name": "devfreq.ddr.max_freq", "value": 10000},
              {"name": "devfreq.gpu.max_freq", "value": 10000}
            ]
          }
        ]
      },
      "performance": {
        "actions": [
          {
            "temp": 75, 
            "setProperty": [
              {"name": "cpu.max_power", "value": 4900},
              {"name": "mtk_gpu.max_freq", "value": 800},
              {"name": "devfreq.ddr.max_freq", "value": 10000},
              {"name": "devfreq.gpu.max_freq", "value": 10000}
            ]
          },
          {
            "temp": 80, 
            "setProperty": [
              {"name": "cpu.max_power", "value": 4600},
              {"name": "mtk_gpu.max_freq", "value": 700},
              {"name": "devfreq.ddr.max_freq", "value": 10000},
              {"name": "devfreq.gpu.max_freq", "value": 10000}
            ]
          },
          {
            "temp": 85, 
            "setProperty": [
              {"name": "cpu.max_power", "value": 4300},
              {"name": "mtk_gpu.max_freq", "value": 600},
              {"name": "devfreq.ddr.max_freq", "value": 10000},
              {"name": "devfreq.gpu.max_freq", "value": 10000}
            ]
          },
          {
            "temp": 90, 
            "setProperty": [
              {"name": "cpu.max_power", "value": 4100},
              {"name": "mtk_gpu.max_freq", "value": 500},
              {"name": "devfreq.ddr.max_freq", "value": 10000},
              {"name": "devfreq.gpu.max_freq", "value": 10000}
            ]
          }
        ]
      },
      "fast": {
        "actions": [
          {
            "temp": -1, 
            "setProperty": [
              {"name": "cpu.max_power", "value": 10000},
              {"name": "mtk_gpu.max_freq", "value": 1400},
              {"name": "devfreq.ddr.max_freq", "value": 10000},
              {"name": "devfreq.gpu.max_freq", "value": 10000}
            ]
          }
        ]
      }
    }
  }
}