{ 
   "name": "Snapdragon8Gen2", 
   "author": "Suni", 
   "configVersion": 8, 
   "CpuGovernor": { 
     "enable": true, 
     "params": { 
       "activeRateHz": 60, 
       "idleRateHz": 30, 
       "minFreqStep": 200 
     }, 
     "policies": [ 
       { 
         "coreNum": 3, 
         "perfScale": 100, 
         "lowPowerFreq": 500, 
         "optimalFreq": 1400, 
         "modelFreq": 2020, 
         "modelPower": 520 
       }, 
       { 
         "coreNum": 4, 
         "perfScale": 250, 
         "lowPowerFreq": 600, 
         "optimalFreq": 1800, 
         "modelFreq": 2800, 
         "modelPower": 1620 
       }, 
       { 
         "coreNum": 1, 
         "perfScale": 310, 
         "lowPowerFreq": 700, 
         "optimalFreq": 2100, 
         "modelFreq": 3190, 
         "modelPower": 3880 
       } 
     ], 
     "modes": { 
       "powersave": { 
         "powerLimit": 3000, 
         "perfMargin": [ 
           10, 
           10, 
           10 
         ], 
         "upRateLatency": 1000, 
         "freqBurst": { 
           "none": { 
             "durationTime": 0, 
             "unlimitPower": false, 
             "lowLatency": false, 
             "extraMargin": 0, 
             "boost": 0 
           }, 
           "tap": { 
             "durationTime": 1000, 
             "unlimitPower": false, 
             "lowLatency": false, 
             "extraMargin": 0, 
             "boost": 20 
           }, 
           "swipe": { 
             "durationTime": 500, 
             "unlimitPower": false, 
             "lowLatency": false, 
             "extraMargin": 10, 
             "boost": 0 
           }, 
           "gesture": { 
             "durationTime": 1000, 
             "unlimitPower": false, 
             "lowLatency": false, 
             "extraMargin": 20, 
             "boost": 20 
           }, 
           "heavyload": { 
             "durationTime": 2000, 
             "unlimitPower": true, 
             "lowLatency": false, 
             "extraMargin": 20, 
             "boost": 0 
           }, 
           "jank": { 
             "durationTime": 0, 
             "unlimitPower": false, 
             "lowLatency": false, 
             "extraMargin": 0, 
             "boost": 0 
           }, 
           "bigJank": { 
             "durationTime": 50, 
             "unlimitPower": true, 
             "lowLatency": false, 
             "extraMargin": 0, 
             "boost": 40 
           } 
         }, 
         "heatControl": [ 
           { 
             "cpuTemp": 70, 
             "maxPower": 2750 
           }, 
           { 
             "cpuTemp": 75, 
             "maxPower": 2500 
           }, 
           { 
             "cpuTemp": 80, 
             "maxPower": 2250 
           }, 
           { 
             "cpuTemp": 85, 
             "maxPower": 2000 
           } 
         ] 
       }, 
       "balance": { 
         "powerLimit": 3000, 
         "perfMargin": [ 
           13, 
           15, 
           18 
         ], 
         "upRateLatency": 600, 
         "freqBurst": { 
           "none": { 
             "durationTime": 0, 
             "unlimitPower": false, 
             "lowLatency": false, 
             "extraMargin": 0, 
             "boost": 0 
           }, 
           "tap": { 
             "durationTime": 1000, 
             "unlimitPower": false, 
             "lowLatency": false, 
             "extraMargin": 0, 
             "boost": 20 
           }, 
           "swipe": { 
             "durationTime": 500, 
             "unlimitPower": false, 
             "lowLatency": false, 
             "extraMargin": 10, 
             "boost": 0 
           }, 
           "gesture": { 
             "durationTime": 1000, 
             "unlimitPower": false, 
             "lowLatency": false, 
             "extraMargin": 20, 
             "boost": 20 
           }, 
           "heavyload": { 
             "durationTime": 2000, 
             "unlimitPower": true, 
             "lowLatency": false, 
             "extraMargin": 20, 
             "boost": 0 
           }, 
           "jank": { 
             "durationTime": 50, 
             "unlimitPower": true, 
             "lowLatency": true, 
             "extraMargin": 0, 
             "boost": 40 
           }, 
           "bigJank": { 
             "durationTime": 50, 
             "unlimitPower": true, 
             "lowLatency": true, 
             "extraMargin": 20, 
             "boost": 40 
           } 
         }, 
         "heatControl": [ 
           { 
             "cpuTemp": 70, 
             "maxPower": 3500 
           }, 
           { 
             "cpuTemp": 75, 
             "maxPower": 3000 
           }, 
           { 
             "cpuTemp": 80, 
             "maxPower": 2500 
           }, 
           { 
             "cpuTemp": 85, 
             "maxPower": 2000 
           } 
         ] 
       }, 
       "performance": { 
         "powerLimit": 5000, 
         "perfMargin": [ 
           30, 
           40, 
           50 
         ], 
         "upRateLatency": 300, 
         "freqBurst": { 
           "none": { 
             "durationTime": 0, 
             "unlimitPower": false, 
             "lowLatency": false, 
             "extraMargin": 0, 
             "boost": 0 
           }, 
           "tap": { 
             "durationTime": 1000, 
             "unlimitPower": false, 
             "lowLatency": false, 
             "extraMargin": 0, 
             "boost": 20 
           }, 
           "swipe": { 
             "durationTime": 500, 
             "unlimitPower": false, 
             "lowLatency": false, 
             "extraMargin": 10, 
             "boost": 0 
           }, 
           "gesture": { 
             "durationTime": 1000, 
             "unlimitPower": false, 
             "lowLatency": false, 
             "extraMargin": 20, 
             "boost": 20 
           }, 
           "heavyload": { 
             "durationTime": 2000, 
             "unlimitPower": true, 
             "lowLatency": false, 
             "extraMargin": 20, 
             "boost": 0 
           }, 
           "jank": { 
             "durationTime": 800, 
             "unlimitPower": true, 
             "lowLatency": true, 
             "extraMargin": 15, 
             "boost": 40 
           }, 
           "bigJank": { 
             "durationTime": 1700, 
             "unlimitPower": true, 
             "lowLatency": true, 
             "extraMargin": 25, 
             "boost": 45 
           } 
         }, 
         "heatControl": [ 
           { 
             "cpuTemp": 80, 
             "maxPower": 5000 
           }, 
           { 
             "cpuTemp": 85, 
             "maxPower": 4000 
           }, 
           { 
             "cpuTemp": 90, 
             "maxPower": 3000 
           }, 
           { 
             "cpuTemp": 95, 
             "maxPower": 2000 
           } 
         ] 
       }, 
       "fast": { 
         "powerLimit": 10000, 
         "perfMargin": [ 
           30, 
           70, 
           80 
         ], 
         "upRateLatency": 300, 
         "freqBurst": { 
           "none": { 
             "durationTime": 0, 
             "unlimitPower": false, 
             "lowLatency": false, 
             "extraMargin": 0, 
             "boost": 0 
           }, 
           "tap": { 
             "durationTime": 1000, 
             "unlimitPower": false, 
             "lowLatency": false, 
             "extraMargin": 0, 
             "boost": 20 
           }, 
           "swipe": { 
             "durationTime": 500, 
             "unlimitPower": false, 
             "lowLatency": false, 
             "extraMargin": 10, 
             "boost": 0 
           }, 
           "gesture": { 
             "durationTime": 1000, 
             "unlimitPower": false, 
             "lowLatency": false, 
             "extraMargin": 20, 
             "boost": 20 
           }, 
           "heavyload": { 
             "durationTime": 2000, 
             "unlimitPower": true, 
             "lowLatency": false, 
             "extraMargin": 20, 
             "boost": 40 
           }, 
           "jank": { 
             "durationTime": 800, 
             "unlimitPower": true, 
             "lowLatency": true, 
             "extraMargin": 20, 
             "boost": 50 
           }, 
           "bigJank": { 
             "durationTime": 1000, 
             "unlimitPower": true, 
             "lowLatency": true, 
             "extraMargin": 30, 
             "boost": 60 
           } 
         }, 
         "heatControl": [ 
           { 
             "cpuTemp": 95, 
             "maxPower": 2000 
           } 
         ] 
       } 
     } 
   }, 
   "ThreadSchedOpt": { 
     "enable": true, 
     "MainThread": { 
       "cpus": [ 
         3, 
         4, 
         5, 
         6 
       ], 
       "nice": -10 
     }, 
     "GameSingleThread": { 
       "cpus": [ 
         7 
       ], 
       "nice": -16 
     }, 
     "GameMultiThread": { 
       "cpus": [ 
         3, 
         4, 
         5, 
         6 
       ], 
       "nice": -16 
     }, 
     "UIThread": { 
       "cpus": [ 
         3, 
         4, 
         5, 
         6 
       ], 
       "nice": -10 
     }, 
     "MediaThread": { 
       "cpus": [ 
         0, 
         1, 
         2, 
         3, 
         4, 
         5, 
         6 
       ], 
       "nice": -16 
     }, 
     "WebViewThread": { 
       "cpus": [ 
         3, 
         4, 
         5, 
         6, 
         7 
       ], 
       "nice": -10 
     }, 
     "ProcessThread": { 
       "cpus": [ 
         3, 
         4, 
         5, 
         6 
       ], 
       "nice": -8 
     }, 
     "NonRealTimeThread": { 
       "cpus": [ 
         0, 
         1, 
         2 
       ], 
       "nice": 10 
     }, 
     "OtherThread": { 
       "cpus": [ 
         0, 
         1, 
         2, 
         3, 
         4, 
         5, 
         6 
       ], 
       "nice": 0 
     } 
   }, 
   "MtkGpuGovernor": { 
     "enable": false 
   }, 
   "FileWriter": { 
     "enable": true, 
     "scenes": { 
       "init": [ 
         { 
           "path": "/dev/cpuset/restricted/cpus", 
           "text": "0-6" 
         }, 
         { 
           "path": "/dev/cpuset/system-background/cpus", 
           "text": "0-2" 
         }, 
         { 
           "path": "/dev/cpuset/background/cpus", 
           "text": "0-2" 
         }, 
         { 
           "path": "/dev/cpuset/foreground/cpus", 
           "text": "0-6" 
         }, 
         { 
           "path": "/dev/cpuset/top-app/cpus", 
           "text": "0-7" 
         } 
       ], 
       "screenOn": [], 
       "screenOff": [], 
       "powersaveMode": [], 
       "balanceMode": [], 
       "performanceMode": [], 
       "fastMode": [] 
     } 
   } 
 }