{
    "name": "X1.0骁龙8Gen2",
    "author": "Suni",
    "configVersion": 7,
    "CpuGovernor": {
      "enable": true,
      "slowSampleTime": 45,
      "fastSampleTime": 25,
      "policies": [
        {
          "coreNum": 3,
          "perfScale": 30,
          "lowPowerFreq": 600,
          "optimalFreq": 1400,
          "modelFreq": 2020,
          "modelPower": 520
        },
        {
          "coreNum": 4,
          "perfScale": 250,
          "lowPowerFreq": 700,
          "optimalFreq": 1700,
          "modelFreq": 2800,
          "modelPower": 1620
        },
        {
          "coreNum": 1,
          "perfScale": 310,
          "lowPowerFreq": 800,
          "optimalFreq": 2000,
          "modelFreq": 3190,
          "modelPower": 3880
        }
      ],
      "modes": {
        "powersave": {
          "powerLimit": 1930,
          "perfMargin": [15, 15, 10],
          "upRateLimitMs": [130, 120, 160],
          "smoothFreq": [1300, 1500, 800],
          "freqBurst": {
            "tap": {
              "unlimitPower": false,
              "boost": 0,
              "durationTime": 500
            },
            "swipe": {
              "unlimitPower": false,
              "boost": 5,
              "durationTime": 500
            },
            "gesture": {
              "unlimitPower": false,
              "boost": 10,
              "durationTime": 1000
            },
            "heavyload": {
              "unlimitPower": true,
              "boost": 10,
              "durationTime": 2000
            }
          },
          "heatControl": [
            {
              "cpuTemp": 70,
              "maxPower": 2500
            },
            {
              "cpuTemp": 80,
              "maxPower": 2000
            }
          ]
        },
        "balance": {
          "powerLimit": 2900,
          "perfMargin": [20, 20, 15],
          "upRateLimitMs": [110, 110, 120],
          "smoothFreq": [1400, 1600, 900],
          "freqBurst": {
            "tap": {
              "unlimitPower": false,
              "boost": 5,
              "durationTime": 500
            },
            "swipe": {
              "unlimitPower": false,
              "boost": 10,
              "durationTime": 500
            },
            "gesture": {
              "unlimitPower": false,
              "boost": 20,
              "durationTime": 1000
            },
            "heavyload": {
              "unlimitPower": true,
              "boost": 20,
              "durationTime": 2000
            }
          },
          "heatControl": [
            {
              "cpuTemp": 70,
              "maxPower": 3500
            },
            {
              "cpuTemp": 75,
              "maxPower": 3000
            },
            {
              "cpuTemp": 80,
              "maxPower": 2500
            }
          ]
        },
        "performance": {
          "powerLimit": 4500,
          "perfMargin": [0, 40, 45],
          "upRateLimitMs": [120, 55, 50],
          "smoothFreq": [800, 1700, 2000],
          "freqBurst": {
            "tap": {
              "unlimitPower": false,
              "boost": 10,
              "durationTime": 500
            },
            "swipe": {
              "unlimitPower": false,
              "boost": 10,
              "durationTime": 500
            },
            "gesture": {
              "unlimitPower": false,
              "boost": 30,
              "durationTime": 1000
            },
            "heavyload": {
              "unlimitPower": true,
              "boost": 40,
              "durationTime": 2100
            }
          },
          "heatControl": [
            {
              "cpuTemp": 80,
              "maxPower": 4500
            },
            {
              "cpuTemp": 85,
              "maxPower": 4000
            },
            {
              "cpuTemp": 90,
              "maxPower": 3500
            }
          ]
        },
        "fast": {
          "powerLimit": 6200,
          "perfMargin": [0, 65, 70],
          "upRateLimitMs": [120, 35, 30],
          "smoothFreq": [900, 1000, 1000],
          "freqBurst": {
            "tap": {
              "unlimitPower": true,
              "boost": 10,
              "durationTime": 500
            },
            "swipe": {
              "unlimitPower": true,
              "boost": 10,
              "durationTime": 500
            },
            "gesture": {
              "unlimitPower": true,
              "boost": 30,
              "durationTime": 1000
            },
            "heavyload": {
              "unlimitPower": true,
              "boost": 60,
              "durationTime": 3100
            }
          },
          "heatControl": []
        }
      }
    },
    "ThreadSchedOpt": {
      "enable": true,
      "MainThread": {
        "cpus": [3, 4, 5, 6],
        "nice": -10
      },
      "GameSingleThread": {
        "cpus": [7],
        "nice": -16
      },
      "GameMultiThread": {
        "cpus": [3, 4, 5, 6, 7],
        "nice": -16
      },
      "UIThread": {
        "cpus": [3, 4, 5, 6],
        "nice": -10
      },
      "MediaThread": {
        "cpus": [0, 1, 2, 3, 4],
        "nice": -16
      },
      "WebViewThread": {
        "cpus": [5, 6, 7],
        "nice": -10
      },
      "ProcessThread": {
        "cpus": [3, 4, 5, 6],
        "nice": -8
      },
      "NonRealTimeThread": {
        "cpus": [0, 1, 2],
        "nice": 10
      },
      "OtherThread": {
        "cpus": [0, 1, 2, 3, 4, 5, 6],
        "nice": 0
      }
    },
    "MtkGpuGovernor": {
      "enable": false
    },
    "FileWriter": {
      "enable": true,
      "scenes": {
        "init": [
          {
            "path": "/dev/cpuset/restricted/cpus",
            "text": "0-2"
          },
          {
            "path": "/dev/cpuset/system-background/cpus",
            "text": "0-2"
          },
          {
            "path": "/dev/cpuset/background/cpus",
            "text": "0-2"
          },
          {
            "path": "/dev/cpuset/foreground/cpus",
            "text": "0-6"
          },
          {
            "path": "/dev/cpuset/top-app/cpus",
            "text": "0-7"
          }
        ],
        "screenOn": [],
        "screenOff": [],
        "powersaveMode": [],
        "balanceMode": [],
        "performanceMode": [],
        "fastMode": []
      }
    }
}