{
  "name": "X1.0天机8000/8100",
  "author": "Suni",
  "configVersion": 7,
  "CpuGovernor": {
    "enable": true,
    "slowSampleTime": 45,
    "fastSampleTime": 25,
    "policies": [
      {
        "coreNum": 4,
        "perfScale": 100,
        "lowPowerFreq": 600,
        "optimalFreq": 1400,
        "modelFreq": 2000,
        "modelPower": 300
      },
      {
        "coreNum": 3,
        "perfScale": 260,
        "lowPowerFreq": 700,
        "optimalFreq": 1900,
        "modelFreq": 2850,
        "modelPower": 1610
      },
      {
        "coreNum": 1,
        "perfScale": 260,
        "lowPowerFreq": 800,
        "optimalFreq": 2100,
        "modelFreq": 2850,
        "modelPower": 1610
      }
    ],
    "modes": {
      "powersave": {
        "powerLimit": 1900,
        "perfMargin": [15, 15, 10],
        "upRateLimitMs": [120, 120, 160],
        "smoothFreq": [1000, 1300, 1000],
        "freqBurst": {
          "tap": {
            "unlimitPower": false,
            "boost": 0,
            "durationTime": 500
          },
          "swipe": {
            "unlimitPower": false,
            "boost": 5,
            "durationTime": 500
          },
          "gesture": {
            "unlimitPower": false,
            "boost": 10,
            "durationTime": 1000
          },
          "heavyload": {
            "unlimitPower": true,
            "boost": 10,
            "durationTime": 2000
          }
        },
        "heatControl": [
          {
            "cpuTemp": 70,
            "maxPower": 2500
          },
          {
            "cpuTemp": 80,
            "maxPower": 2000
          }
        ]
      },
      "balance": {
        "powerLimit": 2900,
        "perfMargin": [20, 20, 15],
        "upRateLimitMs": [110, 110, 120],
        "smoothFreq": [1200, 1400, 1100],
        "freqBurst": {
          "tap": {
            "unlimitPower": false,
            "boost": 5,
            "durationTime": 500
          },
          "swipe": {
            "unlimitPower": false,
            "boost": 10,
            "durationTime": 500
          },
          "gesture": {
            "unlimitPower": false,
            "boost": 20,
            "durationTime": 1000
          },
          "heavyload": {
            "unlimitPower": true,
            "boost": 20,
            "durationTime": 2000
          }
        },
        "heatControl": [
          {
            "cpuTemp": 70,
            "maxPower": 3500
          },
          {
            "cpuTemp": 75,
            "maxPower": 3000
          },
          {
            "cpuTemp": 80,
            "maxPower": 2500
          }
        ]
      },
      "performance": {
        "powerLimit": 4500,
        "perfMargin": [15, 40, 45],
        "upRateLimitMs": [90, 55, 50],
        "smoothFreq": [1400, 1800, 2600],
        "freqBurst": {
          "tap": {
            "unlimitPower": false,
            "boost": 10,
            "durationTime": 500
          },
          "swipe": {
            "unlimitPower": false,
            "boost": 10,
            "durationTime": 500
          },
          "gesture": {
            "unlimitPower": false,
            "boost": 30,
            "durationTime": 1000
          },
          "heavyload": {
            "unlimitPower": true,
            "boost": 40,
            "durationTime": 2000
          }
        },
        "heatControl": [
          {
            "cpuTemp": 80,
            "maxPower": 4500
          },
          {
            "cpuTemp": 85,
            "maxPower": 4000
          },
          {
            "cpuTemp": 90,
            "maxPower": 3500
          }
        ]
      },
      "fast": {
        "powerLimit": 6700,
        "perfMargin": [15, 55, 60],
        "upRateLimitMs": [90, 40, 35],
        "smoothFreq": [1400, 2000, 2800],
        "freqBurst": {
          "tap": {
            "unlimitPower": true,
            "boost": 10,
            "durationTime": 500
          },
          "swipe": {
            "unlimitPower": true,
            "boost": 10,
            "durationTime": 500
          },
          "gesture": {
            "unlimitPower": true,
            "boost": 30,
            "durationTime": 1000
          },
          "heavyload": {
            "unlimitPower": true,
            "boost": 60,
            "durationTime": 3000
          }
        },
        "heatControl": []
      }
    }
  },
  "ThreadSchedOpt": {
    "enable": true,
    "MainThread": {
      "cpus": [4, 5, 6],
      "nice": -10
    },
    "GameSingleThread": {
      "cpus": [7],
      "nice": -16
    },
    "GameMultiThread": {
      "cpus": [4, 5, 6],
      "nice": -16
    },
    "UIThread": {
      "cpus": [4, 5, 6],
      "nice": -10
    },
    "MediaThread": {
      "cpus": [0, 1, 2, 3, 4, 5, 6],
      "nice": -16
    },
    "WebViewThread": {
      "cpus": [4, 5, 6, 7],
      "nice": -10
    },
    "ProcessThread": {
      "cpus": [4, 5, 6],
      "nice": -8
    },
    "NonRealTimeThread": {
      "cpus": [0, 1, 2, 3],
      "nice": 10
    },
    "OtherThread": {
      "cpus": [0, 1, 2, 3, 4, 5, 6],
      "nice": 0
    }
  },
  "MtkGpuGovernor": {
    "enable": true,
    "slowSampleTime": 45,
    "fastSampleTime": 25,
    "preferredFreq": [],
    "modes": {
      "powersave": {
        "maxFreq": 500,
        "perfMargin": 10
      },
      "balance": {
        "maxFreq": 600,
        "perfMargin": 20
      },
      "performance": {
        "maxFreq": 700,
        "perfMargin": 30
      },
      "fast": {
        "maxFreq": 850,
        "perfMargin": 40
      }
    }
  },
  "FileWriter": {
    "enable": true,
    "scenes": {
      "init": [
        {
          "path": "/dev/cpuset/restricted/cpus",
          "text": "0-3"
        },
        {
          "path": "/dev/cpuset/system-background/cpus",
          "text": "0-3"
        },
        {
          "path": "/dev/cpuset/background/cpus",
          "text": "0-3"
        },
        {
          "path": "/dev/cpuset/foreground/cpus",
          "text": "0-6"
        },
        {
          "path": "/dev/cpuset/top-app/cpus",
          "text": "0-7"
        }
      ],
      "screenOn": [],
      "screenOff": [],
      "powersaveMode": [],
      "balanceMode": [],
      "performanceMode": [],
      "fastMode": []
    }
  }
}