{
  "name": "Snapdragon8+Gen1",
  "author": "Suni",
  "configVersion": 10,
  "CpuGovernor": {
    "enable": true,
    "params": {
      "activeRateHz": 60,
      "idleRateHz": 30,
      "activeDelay": 2000,
      "minFreqStep": 200
    },
    "policies": [
      {
        "coreNum": 4,
        "perfScale": 120,
        "lowPowerFreq": 600,
        "optimalFreq": 1400,
        "modelFreq": 2000,
        "modelPower": 500
      },
      {
        "coreNum": 3,
        "perfScale": 330,
        "lowPowerFreq": 700,
        "optimalFreq": 1800,
        "modelFreq": 2750,
        "modelPower": 1820
      },
      {
        "coreNum": 1,
        "perfScale": 420,
        "lowPowerFreq": 800,
        "optimalFreq": 2000,
        "modelFreq": 3190,
        "modelPower": 3740
      }
    ],
    "modes": {
      "powersave": {
        "powerLimit": 1500,
        "perfMargin": [5, 10, 10],
        "upRateLatency": 700,
        "overHeatTemp": 65,
        "burstCapacity": 0,
        "recoverTime": 0,
        "freqBurst": {
          "none": {
            "durationTime": 0,
            "lowLatency": false,
            "extraMargin": 0,
            "boost": 0
          },
          "tap": {
            "durationTime": 200,
            "lowLatency": false,
            "extraMargin": 0,
            "boost": 5
          },
          "swipe": {
            "durationTime": 300,
            "lowLatency": false,
            "extraMargin": 0,
            "boost": 10
          },
          "gesture": {
            "durationTime": 500,
            "lowLatency": false,
            "extraMargin": 0,
            "boost": 10
          },
          "heavyload": {
            "durationTime": 1000,
            "lowLatency": false,
            "extraMargin": 5,
            "boost": 10
          },
          "jank": {
            "durationTime": 100,
            "lowLatency": true,
            "extraMargin": 0,
            "boost": 40
          },
          "bigJank": {
            "durationTime": 200,
            "lowLatency": true,
            "extraMargin": 0,
            "boost": 60
          }
        }
      },
      "balance": {
        "powerLimit": 2860,
        "perfMargin": [15, 15, 20],
        "upRateLatency": 400,
        "overHeatTemp": 70,
        "burstCapacity": 16000,
        "recoverTime": 4000,
        "freqBurst": {
          "none": {
            "durationTime": 0,
            "lowLatency": false,
            "extraMargin": 0,
            "boost": 0
          },
          "tap": {
            "durationTime": 200,
            "lowLatency": false,
            "extraMargin": 5,
            "boost": 15
          },
          "swipe": {
            "durationTime": 360,
            "lowLatency": false,
            "extraMargin": 10,
            "boost": 15
          },
          "gesture": {
            "durationTime": 550,
            "lowLatency": false,
            "extraMargin": 10,
            "boost": 15
          },
          "heavyload": {
            "durationTime": 1000,
            "lowLatency": false,
            "extraMargin": 10,
            "boost": 20
          },
          "jank": {
            "durationTime": 100,
            "lowLatency": true,
            "extraMargin": 0,
            "boost": 40
          },
          "bigJank": {
            "durationTime": 900,
            "lowLatency": true,
            "extraMargin": 10,
            "boost": 50
          }
        }
      },
      "performance": {
        "powerLimit": 4500,
        "perfMargin": [15, 30, 40],
        "upRateLatency": 270,
        "overHeatTemp": 90,
        "burstCapacity": 20000,
        "recoverTime": 4000,
        "freqBurst": {
          "none": {
            "durationTime": 0,
            "lowLatency": false,
            "extraMargin": 0,
            "boost": 0
          },
          "tap": {
            "durationTime": 300,
            "lowLatency": false,
            "extraMargin": 15,
            "boost": 10
          },
          "swipe": {
            "durationTime": 200,
            "lowLatency": false,
            "extraMargin": 10,
            "boost": 0
          },
          "gesture": {
            "durationTime": 100,
            "lowLatency": false,
            "extraMargin": 20,
            "boost": 0
          },
          "heavyload": {
            "durationTime": 1100,
            "lowLatency": false,
            "extraMargin": 20,
            "boost": 30
          },
          "jank": {
            "durationTime": 530,
            "lowLatency": true,
            "extraMargin": 10,
            "boost": 45
          },
          "bigJank": {
            "durationTime": 1500,
            "lowLatency": true,
            "extraMargin": 20,
            "boost": 55
          }
        }
      },
      "fast": {
        "powerLimit": 10000,
        "perfMargin": [30, 75, 80],
        "upRateLatency": 0,
        "overHeatTemp": 95,
        "burstCapacity": 0,
        "recoverTime": 0,
        "freqBurst": {
          "none": {
            "durationTime": 0,
            "lowLatency": false,
            "extraMargin": 0,
            "boost": 0
          },
          "tap": {
            "durationTime": 100,
            "lowLatency": false,
            "extraMargin": 20,
            "boost": 0
          },
          "swipe": {
            "durationTime": 200,
            "lowLatency": false,
            "extraMargin": 10,
            "boost": 0
          },
          "gesture": {
            "durationTime": 100,
            "lowLatency": false,
            "extraMargin": 20,
            "boost": 0
          },
          "heavyload": {
            "durationTime": 1000,
            "lowLatency": false,
            "extraMargin": 20,
            "boost": 35
          },
          "jank": {
            "durationTime": 100,
            "lowLatency": true,
            "extraMargin": 0,
            "boost": 40
          },
          "bigJank": {
            "durationTime": 200,
            "lowLatency": true,
            "extraMargin": 0,
            "boost": 60
          }
        }
      }
    }
  },
  "ThreadSchedOpt": {
    "enable": true,
    "defaultCpus": [0, 1, 2, 3, 4, 5, 6, 7],
    "defaultPriority": 0,
    "appTypes": {
      "unity_genshin": {
        "pkgName": "*(.Yuanshen|.GenshinImpact)|*.ys.*",
        "symbol": null
      },
      "unity_common": {
        "pkgName": null,
        "symbol": "Unity*"
      },
      "unreal_engine": {
        "pkgName": null,
        "symbol": "(TaskGraph|RHIThread)*"
      },
      "minecraft": {
        "pkgName": null,
        "symbol": "MINECRAFT*"
      },
      "neox_engine": {
        "pkgName": "*(.mrzh|.qrzd|.jddsaef|.lglr|.zmq|.ldxy|.s4na|.g93na|.g78na|.onmyoji|.harrypotter|.moba|.party)*",
        "symbol": null
      },
      "sky_game": {
        "pkgName": "(com.netease.sky|com.tgc.sky)*",
        "symbol": null
      },
      "benchmark": {
        "pkgName": "com.futuremark.*|*[Bb]ench*",
        "symbol": null
      }
    },
    "schedRules": {
      "DEFAULT_RULE": [
        {
          "threadName": "MAIN_THREAD",
          "heavyCpus": null,
          "commonCpus": [4, 5, 6],
          "priority": -12
        },
        {
          "threadName": "*[Rr]ender*",
          "heavyCpus": [7],
          "commonCpus": [4, 5, 6],
          "priority": -20
        },
        {
          "threadName": "(GLThread|[Vv]sync|JNISurface|hwui|UiThread|ged-|mali-)*|*(.raster|.ui|.anim|.display)*",
          "heavyCpus": null,
          "commonCpus": [4, 5, 6],
          "priority": -12
        },
        {
          "threadName": "(glide-|Fresco|[Ii]mage|[Ll]auncher)*|*([Bb]lur|[Aa]nim|[Oo]verlay|[Cc]horeographer)*",
          "heavyCpus": null,
          "commonCpus": [4, 5, 6],
          "priority": -12
        },
        {
          "threadName": "(HWC release|GPU completion|FrameThread|FramePolicy|ScrollPolicy)*",
          "heavyCpus": null,
          "commonCpus": [0, 1, 2, 3],
          "priority": -20
        },
        {
          "threadName": "(Vlc|[Ii][Jj][Kk])*|*([Aa]udio|[Mm]ixer|[Vv]ideo|[Pp]layer|[Mm]edia|[Cc]odec|[Dd]ecode)*",
          "heavyCpus": null,
          "commonCpus": [0, 1, 2, 3, 4, 5, 6],
          "priority": -16
        },
        {
          "threadName": "(Chrome_|Compositor|CrGpuMain|CrRenderer|Viz|Gecko)*|*[Ww]eb[Vv]iew*",
          "heavyCpus": null,
          "commonCpus": [4, 5, 6],
          "priority": -12
        },
        {
          "threadName": "(WeexJsBridge|libweexjsb|V8 DefaultWork|hippy.js|mqt_)*|*[Jj]ava[Ss]cript*",
          "heavyCpus": null,
          "commonCpus": [4, 5, 6],
          "priority": -8
        },
        {
          "threadName": "*([Ww]ork|[Hh]andle|[Pp]ool|[Mm]essage|[Dd]ispatch|[Ee]xecutor|[Bb]ridge|[Cc]amera)*",
          "heavyCpus": null,
          "commonCpus": [0, 1, 2, 3, 4, 5, 6],
          "priority": -8
        },
        {
          "threadName": "(Chronos.|CRON.|AsyncTask|Thread-|Timer-)*",
          "heavyCpus": null,
          "commonCpus": [0, 1, 2, 3, 4, 5, 6],
          "priority": -8
        },
        {
          "threadName": "(HeapTask|HeapTrimmer|Finalizer|CleanupReferenc|GC)*",
          "heavyCpus": null,
          "commonCpus": [0, 1, 2, 3],
          "priority": -8
        },
        {
          "threadName": "(queued-work-|Jit thread pool|Signal Catcher|Profile Saver|ReferenceQueue)*",
          "heavyCpus": null,
          "commonCpus": [0, 1, 2, 3],
          "priority": -8
        },
        {
          "threadName": "(Moss|OkHttp|Okio|Rx|rx-)*|*([Nn]etwork|[Cc]ookie|[Ss]cheduler|[Cc]apture)*",
          "heavyCpus": null,
          "commonCpus": [0, 1, 2, 3],
          "priority": -8
        },
        {
          "threadName": "(BLog|xlog|[Bb]ugly|BUGLY|LogThread)*|*([Cc]rash|[Ll]ogger|[Rr]eport)*",
          "heavyCpus": null,
          "commonCpus": [0, 1, 2, 3],
          "priority": 0
        },
        {
          "threadName": "(APM-|TVKDL-|Firebase|koom|ADB-JDWP|MemoryInfra)*|*([Ww]atch[Dd]og|[Tt]racker|[Mm]onitor)*",
          "heavyCpus": null,
          "commonCpus": [0, 1, 2, 3],
          "priority": 0
        }
      ],
      "unity_genshin": [
        {
          "threadName": "MAIN_THREAD",
          "heavyCpus": null,
          "commonCpus": [0, 1, 2, 3, 4, 5, 6],
          "priority": -12
        },
        {
          "threadName": "UnityGfx*",
          "heavyCpus": [7],
          "commonCpus": [4, 5, 6],
          "priority": -20
        },
        {
          "threadName": "(UnityMain|UnityMulti|UnityPreload|UnityChoreograp|UnityCCeograp)*",
          "heavyCpus": null,
          "commonCpus": [4, 5, 6],
          "priority": -12
        },
        {
          "threadName": "FMOD*",
          "heavyCpus": null,
          "commonCpus": [0, 1, 2, 3, 4, 5, 6],
          "priority": -16
        },
        {
          "threadName": "(Worker Thread|Job.Worker|NativeThread|IL2CPP|CoreThread|Thread-)*",
          "heavyCpus": null,
          "commonCpus": [4, 5, 6],
          "priority": -12
        }
      ],
      "unity_common": [
        {
          "threadName": "MAIN_THREAD",
          "heavyCpus": null,
          "commonCpus": [0, 1, 2, 3, 4, 5, 6],
          "priority": -12
        },
        {
          "threadName": "UnityMain*",
          "heavyCpus": [7],
          "commonCpus": [4, 5, 6],
          "priority": -20
        },
        {
          "threadName": "(UnityGfx|UnityMulti|UnityPreload|UnityChoreograp|UnityCCeograp)*",
          "heavyCpus": null,
          "commonCpus": [4, 5, 6],
          "priority": -20
        },
        {
          "threadName": "FMOD*",
          "heavyCpus": null,
          "commonCpus": [0, 1, 2, 3, 4, 5, 6],
          "priority": -16
        },
        {
          "threadName": "(Worker Thread|Job.Worker|NativeThread|IL2CPP|ace_worker|Apollo-|CoreThread|Thread-)*",
          "heavyCpus": null,
          "commonCpus": [4, 5, 6],
          "priority": -12
        }
      ],
      "unreal_engine": [
        {
          "threadName": "MAIN_THREAD",
          "heavyCpus": null,
          "commonCpus": [4, 5, 6],
          "priority": -12
        },
        {
          "threadName": "(RenderThread|GameThread|RHIThread)*",
          "heavyCpus": [7],
          "commonCpus": [4, 5, 6],
          "priority": -20
        },
        {
          "threadName": "(TaskGraph|CmpJob|Apollo-|glp|glt|NativeThread|SDLThread|Thread-)*",
          "heavyCpus": null,
          "commonCpus": [4, 5, 6],
          "priority": -12
        },
        {
          "threadName": "FMOD*",
          "heavyCpus": null,
          "commonCpus": [0, 1, 2, 3, 4, 5, 6],
          "priority": -16
        }
      ],
      "minecraft": [
        {
          "threadName": "MAIN_THREAD",
          "heavyCpus": null,
          "commonCpus": [0, 1, 2, 3, 4, 5, 6],
          "priority": -12
        },
        {
          "threadName": "(Rendering Pool|MINECRAFT)*",
          "heavyCpus": [7],
          "commonCpus": [4, 5, 6],
          "priority": -20
        },
        {
          "threadName": "Thread-*",
          "heavyCpus": null,
          "commonCpus": [0, 1, 2, 3, 4, 5, 6, 7],
          "priority": -8
        },
        {
          "threadName": "FMOD*",
          "heavyCpus": null,
          "commonCpus": [0, 1, 2, 3, 4, 5, 6],
          "priority": -16
        }
      ],
      "neox_engine": [
        {
          "threadName": "MAIN_THREAD",
          "heavyCpus": null,
          "commonCpus": [0, 1, 2, 3, 4, 5, 6],
          "priority": -12
        },
        {
          "threadName": "(MainThread|Thread-)*",
          "heavyCpus": [7],
          "commonCpus": [4, 5, 6],
          "priority": -20
        },
        {
          "threadName": "(IO|Compute|Resource|NativeThread)*",
          "heavyCpus": null,
          "commonCpus": [4, 5, 6],
          "priority": -12
        }
      ],
      "sky_game": [
        {
          "threadName": "MAIN_THREAD",
          "heavyCpus": null,
          "commonCpus": [0, 1, 2, 3, 4, 5, 6],
          "priority": -12
        },
        {
          "threadName": "(MainThread|Program Thread)*",
          "heavyCpus": [7],
          "commonCpus": [4, 5, 6],
          "priority": -20
        },
        {
          "threadName": "(JobThread|Thread-)*",
          "heavyCpus": null,
          "commonCpus": [4, 5, 6],
          "priority": -12
        }
      ],
      "benchmark": []
    }
  },
  "MtkGpuGovernor": {
    "enable": false
  },
  "FileWriter": {
    "enable": true,
    "scenes": {
      "init": [
        {
          "path": "/dev/cpuset/restricted/cpus",
          "text": "0-3"
        },
        {
          "path": "/dev/cpuset/system-background/cpus",
          "text": "0-3"
        },
        {
          "path": "/dev/cpuset/background/cpus",
          "text": "0-3"
        },
        {
          "path": "/dev/cpuset/foreground/cpus",
          "text": "0-7"
        },
        {
          "path": "/dev/cpuset/top-app/cpus",
          "text": "0-7"
        }
      ],
      "screenOn": [],
      "screenOff": [],
      "powersaveMode": [],
      "balanceMode": [],
      "performanceMode": [],
      "fastMode": []
    }
  }
}