{
  "name": "Snapdragon7+Gen3/8sGen3",
  "author": "Suni",
  "configVersion": 9,
  "CpuGovernor": {
    "enable": true,
    "params": {
      "activeRateHz": 60,
      "idleRateHz": 30,
      "minFreqStep": 200
    },
    "policies": [
      {
        "coreNum": 3,
        "perfScale": 100,
        "lowPowerFreq": 500,
        "optimalFreq": 1400,
        "modelFreq": 1900,
        "modelPower": 460
      },
      {
        "coreNum": 4,
        "perfScale": 270,
        "lowPowerFreq": 600,
        "optimalFreq": 2200,
        "modelFreq": 2610,
        "modelPower": 1400
      },
      {
        "coreNum": 1,
        "perfScale": 370,
        "lowPowerFreq": 700,
        "optimalFreq": 2200,
        "modelFreq": 2800,
        "modelPower": 2600
      }
    ],
    "modes": {
      "powersave": {
        "powerLimit": 1900,
        "perfMargin": [
          10,
          10,
          10
        ],
        "upRateLatency": 800,
        "overHeatTemp": 80,
        "burstCapacity": 8000,
        "recoverTime": 2000,
        "freqBurst": {
          "none": {
            "durationTime": 0,
            "lowLatency": false,
            "extraMargin": 0,
            "boost": 0
          },
          "tap": {
            "durationTime": 200,
            "lowLatency": false,
            "extraMargin": 10,
            "boost": 0
          },
          "swipe": {
            "durationTime": 100,
            "lowLatency": false,
            "extraMargin": 10,
            "boost": 0
          },
          "gesture": {
            "durationTime": 200,
            "lowLatency": false,
            "extraMargin": 20,
            "boost": 0
          },
          "heavyload": {
            "durationTime": 1000,
            "lowLatency": false,
            "extraMargin": 20,
            "boost": 0
          },
          "jank": {
            "durationTime": 100,
            "lowLatency": true,
            "extraMargin": 0,
            "boost": 40
          },
          "bigJank": {
            "durationTime": 200,
            "lowLatency": true,
            "extraMargin": 0,
            "boost": 60
          }
        }
      },
      "balance": {
        "powerLimit": 3400,
        "perfMargin": [
          20,
          20,
          20
        ],
        "upRateLatency": 600,
        "overHeatTemp": 80,
        "burstCapacity": 12000,
        "recoverTime": 3000,
        "freqBurst": {
          "none": {
            "durationTime": 0,
            "lowLatency": false,
            "extraMargin": 0,
            "boost": 0
          },
          "tap": {
            "durationTime": 200,
            "lowLatency": false,
            "extraMargin": 10,
            "boost": 0
          },
          "swipe": {
            "durationTime": 100,
            "lowLatency": false,
            "extraMargin": 10,
            "boost": 0
          },
          "gesture": {
            "durationTime": 200,
            "lowLatency": false,
            "extraMargin": 20,
            "boost": 0
          },
          "heavyload": {
            "durationTime": 1000,
            "lowLatency": false,
            "extraMargin": 20,
            "boost": 0
          },
          "jank": {
            "durationTime": 100,
            "lowLatency": true,
            "extraMargin": 0,
            "boost": 40
          },
          "bigJank": {
            "durationTime": 200,
            "lowLatency": true,
            "extraMargin": 0,
            "boost": 60
          }
        }
      },
      "performance": {
        "powerLimit": 5000,
        "perfMargin": [
          30,
          30,
          30
        ],
        "upRateLatency": 400,
        "overHeatTemp": 90,
        "burstCapacity": 20000,
        "recoverTime": 4000,
        "freqBurst": {
          "none": {
            "durationTime": 0,
            "lowLatency": false,
            "extraMargin": 0,
            "boost": 0
          },
          "tap": {
            "durationTime": 200,
            "lowLatency": false,
            "extraMargin": 10,
            "boost": 0
          },
          "swipe": {
            "durationTime": 100,
            "lowLatency": false,
            "extraMargin": 10,
            "boost": 0
          },
          "gesture": {
            "durationTime": 200,
            "lowLatency": false,
            "extraMargin": 20,
            "boost": 0
          },
          "heavyload": {
            "durationTime": 1000,
            "lowLatency": false,
            "extraMargin": 20,
            "boost": 0
          },
          "jank": {
            "durationTime": 100,
            "lowLatency": true,
            "extraMargin": 0,
            "boost": 40
          },
          "bigJank": {
            "durationTime": 200,
            "lowLatency": true,
            "extraMargin": 0,
            "boost": 60
          }
        }
      },
      "fast": {
        "powerLimit": 10000,
        "perfMargin": [
          30,
          30,
          30
        ],
        "upRateLatency": 0,
        "overHeatTemp": 105,
        "burstCapacity": 0,
        "recoverTime": 0,
        "freqBurst": {
          "none": {
            "durationTime": 0,
            "lowLatency": false,
            "extraMargin": 0,
            "boost": 0
          },
          "tap": {
            "durationTime": 200,
            "lowLatency": false,
            "extraMargin": 10,
            "boost": 0
          },
          "swipe": {
            "durationTime": 100,
            "lowLatency": false,
            "extraMargin": 10,
            "boost": 0
          },
          "gesture": {
            "durationTime": 200,
            "lowLatency": false,
            "extraMargin": 20,
            "boost": 0
          },
          "heavyload": {
            "durationTime": 1000,
            "lowLatency": false,
            "extraMargin": 20,
            "boost": 0
          },
          "jank": {
            "durationTime": 100,
            "lowLatency": true,
            "extraMargin": 0,
            "boost": 40
          },
          "bigJank": {
            "durationTime": 200,
            "lowLatency": true,
            "extraMargin": 0,
            "boost": 60
          }
        }
      }
    }
  },
  "ThreadSchedOpt": {
    "enable": true,
    "GameRenderThread": {
      "cpus": [
        7
      ],
      "nice": -20
    },
    "GameMainThread": {
      "cpus": [
        3,
        4,
        5,
        6
      ],
      "nice": -20
    },
    "GameProcessThread": {
      "cpus": [
        3,
        4,
        5,
        6
      ],
      "nice": -16
    },
    "UIThread": {
      "cpus": [
        3,
        4,
        5,
        6
      ],
      "nice": -16
    },
    "MediaThread": {
      "cpus": [
        0,
        1,
        2,
        3,
        4,
        5,
        6
      ],
      "nice": -20
    },
    "WebViewThread": {
      "cpus": [
        3,
        4,
        5,
        6,
        7
      ],
      "nice": -16
    },
    "ProcessThread": {
      "cpus": [
        3,
        4,
        5,
        6
      ],
      "nice": -12
    },
    "CoProcessThread": {
      "cpus": [
        0,
        1,
        2
      ],
      "nice": -12
    },
    "JunkThread": {
      "cpus": [
        0,
        1,
        2
      ],
      "nice": 0
    },
    "Initial": {
      "cpus": [
        0,
        1,
        2,
        3,
        4,
        5,
        6,
        7
      ],
      "nice": 0
    }
  },
  "MtkGpuGovernor": {
    "enable": false
  },
  "FileWriter": {
    "enable": true,
    "scenes": {
      "init": [
        {
          "path": "/dev/cpuset/restricted/cpus",
          "text": "0-2"
        },
        {
          "path": "/dev/cpuset/system-background/cpus",
          "text": "0-2"
        },
        {
          "path": "/dev/cpuset/background/cpus",
          "text": "0-2"
        },
        {
          "path": "/dev/cpuset/foreground/cpus",
          "text": "0-7"
        },
        {
          "path": "/dev/cpuset/top-app/cpus",
          "text": "0-7"
        }
      ],
      "screenOn": [],
      "screenOff": [],
      "powersaveMode": [],
      "balanceMode": [],
      "performanceMode": [],
      "fastMode": []
    }
  }
}